<project xmlns="http://maven.apache.org/POM/4.0.0" xmlns:xsi="http://www.w3.org/2001/XMLSchema-instance"
	xsi:schemaLocation="http://maven.apache.org/POM/4.0.0 http://maven.apache.org/xsd/maven-4.0.0.xsd">
	<modelVersion>4.0.0</modelVersion>
	<groupId>br.org.iel</groupId>
	<artifactId>Recruta-if</artifactId>
	<version>0.0.1-SNAPSHOT</version>
	<dependencies>
		<dependency>
			<groupId>javax.activation</groupId>
			<artifactId>activation</artifactId>
			<version>1.1.1</version>
		</dependency>
		<dependency>
			<groupId>org.jboss.spec.javax.annotation</groupId>
			<artifactId>jboss-annotations-api_1.2_spec</artifactId>
			<version>1.0.0.Final</version>
		</dependency>
		<dependency>
			<groupId>org.jboss.spec.javax.ejb</groupId>
			<artifactId>jboss-ejb-api_3.2_spec</artifactId>
			<version>1.0.0.Final</version>
		</dependency>
		<dependency>
			<groupId>org.jboss.spec.javax.el</groupId>
			<artifactId>jboss-el-api_3.0_spec</artifactId>
			<version>1.0.9.Final</version>
		</dependency>
		<dependency>
			<groupId>javax.enterprise</groupId>
			<artifactId>cdi-api</artifactId>
			<version>1.2</version>
		</dependency>
		<dependency>
			<groupId>org.jboss.spec.javax.faces</groupId>
			<artifactId>jboss-jsf-api_2.2_spec</artifactId>
			<version>2.2.13</version>
		</dependency>
		<dependency>
			<groupId>javax.inject</groupId>
			<artifactId>javax.inject</artifactId>
			<version>1</version>
		</dependency>
		<dependency>
			<groupId>org.jboss.spec.javax.interceptor</groupId>
			<artifactId>jboss-interceptors-api_1.2_spec</artifactId>
			<version>1.0.0.Final</version>
		</dependency>
		<dependency>
			<groupId>org.jboss.spec.javax.jms</groupId>
			<artifactId>jboss-jms-api_2.0_spec</artifactId>
			<version>1.0.1.Final</version>
		</dependency>
		<dependency>
			<groupId>sun-jaxws</groupId>
			<artifactId>jsr181-api</artifactId>
			<version>2.1.1</version>
		</dependency>
		<dependency>
			<groupId>com.sun.mail</groupId>
			<artifactId>javax.mail</artifactId>
			<version>1.5.6</version>
		</dependency>
		<dependency>
			<groupId>org.jboss.spec.javax.management.j2ee</groupId>
			<artifactId>jboss-j2eemgmt-api_1.1_spec</artifactId>
			<version>1.0.1.Final</version>
		</dependency>
		<dependency>
			<groupId>org.hibernate.javax.persistence</groupId>
			<artifactId>hibernate-jpa-2.1-api</artifactId>
			<version>1.0.0.Final</version>
		</dependency>
		<dependency>
			<groupId>org.jboss.spec.javax.resource</groupId>
			<artifactId>jboss-connector-api_1.7_spec</artifactId>
			<version>1.0.0.Final</version>
		</dependency>
		<dependency>
			<groupId>org.jboss.spec.javax.security.auth.message</groupId>
			<artifactId>jboss-jaspi-api_1.1_spec</artifactId>
			<version>1.0.0.Final</version>
		</dependency>
		<dependency>
			<groupId>org.jboss.spec.javax.security.jacc</groupId>
			<artifactId>jboss-jacc-api_1.5_spec</artifactId>
			<version>1.0.1.Final</version>
		</dependency>
		<dependency>
			<groupId>org.jboss.spec.javax.servlet</groupId>
			<artifactId>jboss-servlet-api_3.1_spec</artifactId>
			<version>1.0.0.Final</version>
		</dependency>
		<dependency>
			<groupId>org.jboss.spec.javax.servlet.jsp</groupId>
			<artifactId>jboss-jsp-api_2.3_spec</artifactId>
			<version>1.0.1.Final</version>
		</dependency>
		<dependency>
			<groupId>org.apache.taglibs</groupId>
			<artifactId>taglibs-standard-compat</artifactId>
			<version>1.2.6-RC1</version>
		</dependency>
		<dependency>
			<groupId>org.apache.taglibs</groupId>
			<artifactId>taglibs-standard-impl</artifactId>
			<version>1.2.6-RC1</version>
		</dependency>
		<dependency>
			<groupId>org.apache.taglibs</groupId>
			<artifactId>taglibs-standard-spec</artifactId>
			<version>1.2.6-RC1</version>
		</dependency>
		<dependency>
			<groupId>org.jboss.spec.javax.transaction</groupId>
			<artifactId>jboss-transaction-api_1.2_spec</artifactId>
			<version>1.0.1.Final</version>
		</dependency>
		<dependency>
			<groupId>javax.validation</groupId>
			<artifactId>validation-api</artifactId>
			<version>1.1.0.Final</version>
		</dependency>
		<dependency>
			<groupId>org.jboss.spec.javax.ws.rs</groupId>
			<artifactId>jboss-jaxrs-api_2.0_spec</artifactId>
			<version>1.0.0.Final</version>
		</dependency>
		<dependency>
			<groupId>wsdl4j</groupId>
			<artifactId>wsdl4j</artifactId>
			<version>1.6.3</version>
		</dependency>
		<dependency>
			<groupId>org.jboss.spec.javax.xml.bind</groupId>
			<artifactId>jboss-jaxb-api_2.2_spec</artifactId>
			<version>1.0.4.Final</version>
		</dependency>
		<dependency>
			<groupId>org.jboss.spec.javax.xml.rpc</groupId>
			<artifactId>jboss-jaxrpc-api_1.1_spec</artifactId>
			<version>1.0.1.Final</version>
		</dependency>
		<dependency>
			<groupId>org.jboss.spec.javax.xml.soap</groupId>
			<artifactId>jboss-saaj-api_1.3_spec</artifactId>
			<version>1.0.4.Final</version>
		</dependency>
		<dependency>
			<groupId>org.jboss.spec.javax.xml.ws</groupId>
			<artifactId>jboss-jaxws-api_2.2_spec</artifactId>
			<version>2.0.4.Final</version>
		</dependency>
		<dependency>
			<groupId>org.hibernate</groupId>
			<artifactId>hibernate-validator</artifactId>
			<version>5.3.5.Final</version>
		</dependency>
		<dependency>
			<groupId>org.picketbox</groupId>
			<artifactId>picketbox-infinispan</artifactId>
			<version>5.0.2.Final</version>
		</dependency>
		<dependency>
			<groupId>org.picketbox</groupId>
			<artifactId>picketbox</artifactId>
			<version>5.0.2.Final</version>
		</dependency>
		<dependency>
			<groupId>org.picketbox</groupId>
			<artifactId>picketbox-commons</artifactId>
			<version>1.0.0.final</version>
		</dependency>
		<dependency>
			<groupId>org.wildfly.core</groupId>
			<artifactId>wildfly-controller-client</artifactId>
			<version>3.0.8.Final</version>
		</dependency>
		<dependency>
			<groupId>org.jboss</groupId>
			<artifactId>jboss-dmr</artifactId>
			<version>1.4.1.Final</version>
		</dependency>
		<dependency>
			<groupId>org.jboss.logging</groupId>
			<artifactId>jboss-logging</artifactId>
			<version>3.3.1.Final</version>
		</dependency>
		<dependency>
			<groupId>org.jboss.resteasy</groupId>
			<artifactId>resteasy-jaxb-provider</artifactId>
			<version>3.0.24.Final</version>
		</dependency>
		<dependency>
			<groupId>org.jboss.resteasy</groupId>
			<artifactId>resteasy-jaxrs</artifactId>
			<version>3.0.24.Final</version>
		</dependency>
		<dependency>
			<groupId>org.jboss.resteasy</groupId>
			<artifactId>resteasy-client</artifactId>
			<version>3.0.24.Final</version>
		</dependency>
		<dependency>
			<groupId>org.jboss.resteasy</groupId>
			<artifactId>resteasy-multipart-provider</artifactId>
			<version>3.0.24.Final</version>
		</dependency>
		<dependency>
			<groupId>org.jboss.ejb3</groupId>
			<artifactId>jboss-ejb3-ext-api</artifactId>
			<version>2.2.0.Final</version>
		</dependency>
		<dependency>
			<groupId>org.jboss.spec.javax.batch</groupId>
			<artifactId>jboss-batch-api_1.0_spec</artifactId>
			<version>1.0.0.Final</version>
		</dependency>
		<dependency>
			<groupId>org.jboss.spec.javax.enterprise.concurrent</groupId>
			<artifactId>jboss-concurrency-api_1.0_spec</artifactId>
			<version>1.0.0.Final</version>
		</dependency>
		<dependency>
			<groupId>org.jboss.spec.javax.websocket</groupId>
			<artifactId>jboss-websocket-api_1.1_spec</artifactId>
			<version>1.1.1.Final</version>
		</dependency>
		<dependency>
			<groupId>org.wildfly.common</groupId>
			<artifactId>wildfly-common</artifactId>
			<version>1.2.0.Final</version>
		</dependency>
		<dependency>
			<groupId>org.wildfly.security</groupId>
			<artifactId>wildfly-elytron</artifactId>
			<version>1.1.6.Final</version>
		</dependency>
		<!-- https://mvnrepository.com/artifact/org.wildfly/wildfly-feature-pack -->
		<dependency>
			<groupId>org.wildfly</groupId>
			<artifactId>wildfly-feature-pack</artifactId>
			<version>11.0.0.Final</version>
			<type>pom</type>
			<scope>provided</scope>
		</dependency>

	</dependencies>
	<build>
		<sourceDirectory>src</sourceDirectory>
		<resources>
			<resource>
				<directory>src</directory>
				<excludes>
					<exclude>**/*.java</exclude>
				</excludes>
			</resource>
		</resources>
		<plugins>

			<plugin>
				<artifactId>maven-compiler-plugin</artifactId>
				<version>3.7.0</version>
				<configuration>
					<source>1.8</source>
					<target>1.8</target>
				</configuration>
			</plugin>
		</plugins>
	</build>
</project>